sido_cd,sido,sigungu,emd,ri,jibun,bcode
11,서울특별시,도봉구,방학동,"",방학동 673-39,1132010600
11,서울특별시,동작구,노량진동,"",노량진동 294-182,1159010100
11,서울특별시,서초구,우면동,"",우면동 598-21,1165010300
11,서울특별시,노원구,월계동,"",월계동 429-11,1135010200
11,서울특별시,마포구,성산동,"",성산동 249-15,1144012500
11,서울특별시,강북구,미아동,"",미아동 137-84,1130510100
11,서울특별시,용산구,한남동,"",한남동 792-1,1117013100
11,서울특별시,서대문구,북아현동,"",북아현동 121-17,1141011000
11,서울특별시,마포구,상수동,"",상수동 330-4,1144011500
11,서울특별시,성북구,정릉동,"",정릉동 760-56,1129013300
11,서울특별시,영등포구,양평동5가,"",양평동5가 20-3,1156012900
11,서울특별시,영등포구,대림동,"",대림동 926-6,1156013300
11,서울특별시,동대문구,장안동,"",장안동 316-14,1123010600
11,서울특별시,구로구,고척동,"",고척동 52-82,1153010600
11,서울특별시,강동구,길동,"",길동 101-2,1174010500
11,서울특별시,송파구,방이동,"",방이동 190-8,1171011100
11,서울특별시,동작구,노량진동,"",노량진동 235-19,1159010100
11,서울특별시,은평구,신사동,"",신사동 29-165,1138010900
11,서울특별시,서대문구,충정로3가,"",충정로3가 3-96,1141010200
11,서울특별시,송파구,마천동,"",마천동 26-9,1171011400
26,부산광역시,강서구,강동동,"",강동동 2465,2644010300
26,부산광역시,강서구,송정동,"",송정동 1740-4,2644010900
26,부산광역시,영도구,남항동2가,"",남항동2가 30-9,2620010600
26,부산광역시,기장군,정관읍,매학리,정관읍 달산리 938-10,2671025622
26,부산광역시,금정구,서동,"",서동 302-1471,2641011000
26,부산광역시,기장군,정관읍,매학리,정관읍 달산리 1112-12,2671025622
26,부산광역시,기장군,정관읍,매학리,정관읍 달산리 1113-4,2671025622
26,부산광역시,동구,범일동,"",범일동 830-72,2617010400
26,부산광역시,사하구,신평동,"",신평동 11-135,2638010400
26,부산광역시,남구,문현동,"",문현동 757-20,2629010900
26,부산광역시,강서구,화전동,"",화전동 567-6,2644011000
26,부산광역시,사하구,감천동,"",감천동 482-12,2638010800
26,부산광역시,사하구,괴정동,"",괴정동 495-25,2638010100
26,부산광역시,강서구,미음동,"",미음동 1570-11,2644011500
26,부산광역시,영도구,동삼동,"",동삼동 504-5,2620012100
26,부산광역시,부산진구,당감동,"",당감동 436-9,2623010900
26,부산광역시,동구,좌천동,"",좌천동 681-36,2617010300
26,부산광역시,사상구,삼락동,"",삼락동 73-3,2653010100
26,부산광역시,해운대구,반송동,"",반송동 7-243,2635010100
26,부산광역시,부산진구,부암동,"",부암동 320-275,2623010800
27,대구광역시,달성군,구지면,창리,구지면 창리 383,2771038021
27,대구광역시,서구,비산동,"",비산동 90-39,2717010200
27,대구광역시,군위군,소보면,송원리,소보면 송원리 200,2772031026
27,대구광역시,동구,도동,"",도동 978-386,2714010700
27,대구광역시,동구,신기동,"",신기동 547-4,2714011700
27,대구광역시,달성군,가창면,단산리,가창면 단산리 398,2771031027
27,대구광역시,남구,봉덕동,"",봉덕동 1361-101,2720010200
27,대구광역시,수성구,상동,"",상동 407-6,2726010900
27,대구광역시,서구,중리동,"",중리동 38-4,2717010500
27,대구광역시,달서구,본동,"",본동 723-1,2729012400
27,대구광역시,달서구,두류동,"",두류동 106-3,2729010200
27,대구광역시,동구,둔산동,"",둔산동 1041-7,2714011200
27,대구광역시,서구,평리동,"",평리동 942,2717010300
27,대구광역시,서구,내당동,"",내당동 27-33,2717010100
27,대구광역시,달서구,죽전동,"",죽전동 404-21,2729011200
27,대구광역시,서구,비산동,"",비산동 704-34,2717010200
27,대구광역시,수성구,중동,"",중동 617-168,2726010800
27,대구광역시,북구,동천동,"",동천동 928-4,2723012400
27,대구광역시,수성구,매호동,"",매호동 1030,2726011500
27,대구광역시,북구,팔달동,"",팔달동 236-1,2723012800
30,대전광역시,동구,홍도동,"",홍도동 6-14,3011011700
30,대전광역시,서구,괴정동,"",괴정동 95-1,3017010800
30,대전광역시,대덕구,송촌동,"",송촌동 500-3,3023010700
30,대전광역시,서구,용문동,"",용문동 251-18,3017010500
30,대전광역시,대덕구,중리동,"",중리동 370-16,3023010900
30,대전광역시,중구,호동,"",호동 10-20,3014010800
30,대전광역시,대덕구,덕암동,"",덕암동 62-14,3023011500
30,대전광역시,유성구,봉명동,"",봉명동 1045-11,3020011100
30,대전광역시,중구,대흥동,"",대흥동 240-46,3014010500
30,대전광역시,대덕구,석봉동,"",석봉동 178-14,3023011100
30,대전광역시,서구,갈마동,"",갈마동 1138,3017011100
30,대전광역시,중구,대흥동,"",대흥동 307-5,3014010500
30,대전광역시,중구,옥계동,"",옥계동 61-2,3014010900
30,대전광역시,대덕구,오정동,"",오정동 498-1,3023010100
30,대전광역시,유성구,구룡동,"",구룡동 129-2,3020015300
30,대전광역시,동구,자양동,"",자양동 75-25,3011011100
30,대전광역시,유성구,하기동,"",하기동 527-1,3020013200
30,대전광역시,대덕구,중리동,"",중리동 194-9,3023010900
30,대전광역시,유성구,외삼동,"",외삼동 83-1,3020013800
30,대전광역시,유성구,어은동,"",어은동 104-3,3020012300
31,울산광역시,중구,성안동,"",성안동 872-1,3111010900
31,울산광역시,동구,방어동,"",방어동 461-1,3117010100
31,울산광역시,울주군,온양읍,대안리,온양읍 대안리 720-22,3171025622
31,울산광역시,동구,방어동,"",방어동 1164-6,3117010100
31,울산광역시,울주군,상북면,소호리,상북면 소호리 17,3171038033
31,울산광역시,남구,삼산동,"",삼산동 275-1,3114010600
31,울산광역시,남구,무거동,"",무거동 464-6,3114010100
31,울산광역시,울주군,청량읍,덕하리,청량읍 덕하리 178-1,3171026221
31,울산광역시,울주군,청량읍,용암리,청량읍 용암리 315-26,3171026229
31,울산광역시,북구,효문동,"",효문동 215-5,3120012300
31,울산광역시,남구,장생포동,"",장생포동 51,3114011800
31,울산광역시,울주군,상북면,거리,상북면 거리 305,3171038029
31,울산광역시,울주군,범서읍,두산리,범서읍 두산리 1300,3171025926
31,울산광역시,북구,신현동,"",신현동 122,3120011700
31,울산광역시,울주군,서생면,신암리,서생면 신암리 291-34,3171031021
31,울산광역시,울주군,삼남읍,교동리,삼남읍 교동리 1595-2,3171026521
31,울산광역시,북구,염포동,"",염포동 1000-8,3120012700
31,울산광역시,울주군,두동면,이전리,두동면 이전리 653,3171036025
31,울산광역시,중구,태화동,"",태화동 858-10,3111011100
31,울산광역시,울주군,웅촌면,대대리,웅촌면 대대리 951-3,3171034027
36,세종특별자치시,,연동면,명학리,연동면 명학리 213-10,3611032023
36,세종특별자치시,,전의면,유천리,전의면 서정리 1-13,3611037026
36,세종특별자치시,,연서면,와촌리,연서면 와촌리 1151-1,3611036031
36,세종특별자치시,,부강면,갈산리,부강면 갈산리 400,3611033024
36,세종특별자치시,,전의면,관정리,전의면 관정리 714,3611037027
36,세종특별자치시,,조치원읍,원리,조치원읍 원리 132-40,3611025021
36,세종특별자치시,,장군면,봉안리,장군면 봉안리 485-44,3611035024
36,세종특별자치시,,금남면,원봉리,금남면 원봉리 347-3,3611034045
36,세종특별자치시,,연서면,청라리,연서면 청라리 314,3611036027
36,세종특별자치시,,연서면,쌍류리,연서면 쌍류리 92,3611036026
36,세종특별자치시,,금남면,영곡리,금남면 영곡리 523-1,3611034041
36,세종특별자치시,,전의면,양곡리,전의면 양곡리 100-4,3611037032
36,세종특별자치시,,장군면,봉안리,장군면 봉안리 368-1,3611035024
36,세종특별자치시,,연서면,청라리,연서면 청라리 272,3611036027
36,세종특별자치시,,전동면,심중리,전동면 심중리 580,3611038031
36,세종특별자치시,,전동면,노장리,전동면 노장리 111-4,3611038021
36,세종특별자치시,,부강면,행산리,부강면 행산리 159-1,3611033022
36,세종특별자치시,,금남면,성덕리,금남면 성덕리 194,3611034040
36,세종특별자치시,,전동면,보덕리,전동면 보덕리 127-1,3611038025
36,세종특별자치시,,장군면,태산리,장군면 태산리 228-2,3611035034
41,경기도,김포시,통진읍,귀전리,통진읍 귀전리 92-1,4157025027
41,경기도,김포시,걸포동,"",걸포동 591-1,4157010200
41,경기도,의정부시,장암동,"",장암동 26-6,4115010300
41,경기도,수원시 팔달구,지동,"",지동 113-21,4111513900
41,경기도,수원시 권선구,서둔동,"",서둔동 260-41,4111313100
41,경기도,부천시 소사구,소사본동,"",소사본동 161-40,4119410100
41,경기도,양주시,남방동,"",남방동 148-6,4163010300
41,경기도,안양시 동안구,관양동,"",관양동 1501-5,4117310200
41,경기도,여주시,가남읍,신해리,가남읍 신해리 52-7,4167025023
41,경기도,화성시 만세구,팔탄면,해창리,팔탄면 해창리 125-2,4159134036
41,경기도,화성시 만세구,남양읍,장덕리,남양읍 장덕리 959-52,4159125623
41,경기도,광주시,매산동,"",매산동 626-2,4161011900
41,경기도,부천시 원미구,원미동,"",원미동 51-5,4119210100
41,경기도,양평군,양동면,계정리,양동면 계정리 143-3,4183038026
41,경기도,시흥시,은행동,"",은행동 109-37,4139010600
41,경기도,안산시 상록구,일동,"",일동 561-5,4127110100
41,경기도,성남시 수정구,태평동,"",태평동 7273-7,4113110200
41,경기도,김포시,풍무동,"",풍무동 421-6,4157010700
41,경기도,하남시,하산곡동,"",하산곡동 422-13,4145010200
41,경기도,수원시 권선구,권선동,"",권선동 957-5,4111313700
43,충청북도,음성군,감곡면,오향리,감곡면 오향리 643-1,4377037021
43,충청북도,제천시,청전동,"",청전동 126-11,4315011300
43,충청북도,청주시 흥덕구,오송읍,동평리,오송읍 동평리 87-9,4311325029
43,충청북도,보은군,수한면,광촌리,수한면 광촌리 148-4,4372036032
43,충청북도,음성군,금왕읍,무극리,금왕읍 무극리 60-3,4377025321
43,충청북도,진천군,광혜원면,금곡리,광혜원면 금곡리 65-37,4375037021
43,충청북도,청주시 청원구,우암동,"",우암동 397-3,4311410100
43,충청북도,충주시,엄정면,괴동리,엄정면 괴동리 523,4313042027
43,충청북도,청주시 청원구,내수읍,비중리,내수읍 비중리 379,4311425032
43,충청북도,영동군,황간면,노근리,황간면 노근리 891,4374032032
43,충청북도,음성군,감곡면,왕장리,감곡면 왕장리 453-5,4377037031
43,충청북도,단양군,단양읍,상진리,단양읍 상진리 455,4380025027
43,충청북도,진천군,진천읍,지암리,진천읍 지암리 143,4375025030
43,충청북도,청주시 청원구,북이면,석성리,북이면 석성리 306,4311431042
43,충청북도,괴산군,청안면,효근리,청안면 효근리 281-2,4376037024
43,충청북도,영동군,영동읍,오탄리,영동읍 오탄리 701-1,4374025029
43,충청북도,청주시 서원구,성화동,"",성화동 749,4311210800
43,충청북도,영동군,학산면,서산리,학산면 서산리 811-6,4374038021
43,충청북도,청주시 흥덕구,강내면,궁현리,강내면 궁현리 185-2,4311331022
43,충청북도,충주시,산척면,영덕리,산척면 영덕리 42,4313041022
44,충청남도,보령시,주산면,금암리,주산면 금암리 577-3,4418038021
44,충청남도,천안시 동남구,병천면,가전리,병천면 가전리 490-1,4413136021
44,충청남도,아산시,권곡동,"",권곡동 409-13,4420011400
44,충청남도,논산시,성동면,월성리,성동면 월성리 204-28,4423031022
44,충청남도,천안시 동남구,동면,덕성리,동면 덕성리 611-1,4413137027
44,충청남도,공주시,유구읍,유구리,유구읍 유구리 425,4415025024
44,충청남도,홍성군,금마면,화양리,금마면 화양리 94,4480032032
44,충청남도,홍성군,결성면,금곡리,결성면 금곡리 719-1,4480036024
44,충청남도,공주시,정안면,석송리,정안면 석송리 77-4,4415037026
44,충청남도,서천군,장항읍,화천리,장항읍 화천리 173-41,4477025026
44,충청남도,공주시,월송동,"",월송동 66,4415011900
44,충청남도,서천군,마서면,옥북리,마서면 옥북리 165-1,4477031029
44,충청남도,부여군,임천면,탑산리,임천면 탑산리 344,4476041030
44,충청남도,금산군,군북면,천을리,군북면 천을리 477-2,4471034024
44,충청남도,부여군,장암면,합곡리,장암면 합곡리 267-2,4476042029
44,충청남도,금산군,남이면,초현리,남일면 초현리 626,4471036000
44,충청남도,서산시,온석동,일람리,온석동 586,4421010400
44,충청남도,부여군,구룡면,태양리,구룡면 태양리 231,4476035024
44,충청남도,공주시,탄천면,화정리,탄천면 화정리 112-3,4415032026
44,충청남도,서천군,마서면,계동리,마서면 계동리 158,4477031021
47,경상북도,포항시 남구,구룡포읍,구룡포리,구룡포읍 구룡포리 344-2,4711125021
47,경상북도,칠곡군,석적읍,중리,석적읍 중리 157-16,4785025622
47,경상북도,상주시,중동면,죽암리,중동면 죽암리 1111,4725031023
47,경상북도,의성군,단북면,신하리,단북면 신하리 443,4773042034
47,경상북도,영양군,청기면,토구리,청기면 토구리 366,4776032041
47,경상북도,봉화군,명호면,풍호리,명호면 풍호리 862-2,4792037025
47,경상북도,영천시,화산면,가상리,화산면 가상리 672,4723033027
47,경상북도,칠곡군,북삼읍,어로리,북삼읍 어로리 125,4785025322
47,경상북도,구미시,형곡동,"",형곡동 290-7,4719010900
47,경상북도,경산시,압량읍,부적리,압량읍 부적리 62-3,4729025621
47,경상북도,청도군,풍각면,차산리,풍각면 차산리 56,4782032043
47,경상북도,청도군,풍각면,수월리,풍각면 수월리 477,4782032037
47,경상북도,경주시,충효동,"",충효동 136-3,4713011400
47,경상북도,영주시,순흥면,석교리,순흥면 석교리 205-11,4721037023
47,경상북도,상주시,내서면,능암리,내서면 능암리 493,4725037021
47,경상북도,영천시,고경면,창하리,고경면 창하리 911-113,4723038022
47,경상북도,울진군,북면,부구리,북면 부구리 1338-2,4793031021
47,경상북도,김천시,모암동,"",모암동 180-35,4715010300
47,경상북도,상주시,은척면,남곡리,은척면 남곡리 509,4725044024
47,경상북도,경주시,산내면,감산리,산내면 감산리 419-1,4713034021
48,경상남도,창원시 의창구,팔용동,"",팔용동 22-3,4812112900
48,경상남도,창원시 마산합포구,구산면,심리,구산면 심리 74-1,4812531029
48,경상남도,통영시,광도면,덕포리,광도면 덕포리 811-1,4822034021
48,경상남도,하동군,고전면,범아리,고전면 범아리 112,4885035021
48,경상남도,합천군,쌍백면,백역리,쌍백면 백역리 581-4,4889042030
48,경상남도,김해시,생림면,봉림리,생림면 봉림리 1093-1,4825035023
48,경상남도,남해군,남해읍,심천리,남해읍 심천리 530-1,4884025026
48,경상남도,밀양시,상동면,매화리,상동면 매화리 407,4827032027
48,경상남도,밀양시,상동면,옥산리,상동면 옥산리 679,4827032024
48,경상남도,남해군,창선면,진동리,창선면 진동리 1002-4,4884039036
48,경상남도,거제시,거제면,남동리,거제면 남동리 103,4831034028
48,경상남도,창원시 의창구,봉곡동,"",봉곡동 129-18,4812112700
48,경상남도,창원시 진해구,경화동,"",경화동 540,4812913900
48,경상남도,진주시,인사동,"",인사동 147-17,4817010800
48,경상남도,고성군,동해면,내곡리,동해면 내곡리 1102-2,4882042029
48,경상남도,김해시,삼방동,"",삼방동 563-4,4825011900
48,경상남도,밀양시,교동,"",교동 186,4827010300
48,경상남도,양산시,상북면,신전리,상북면 신전리 365-12,4833033029
48,경상남도,산청군,단성면,방목리,단성면 방목리 624-7,4886037023
48,경상남도,진주시,진성면,상촌리,진성면 상촌리 248-1,4817035021
50,제주특별자치도,서귀포시,표선면,표선리,표선면 표선리 2296,5013032021
50,제주특별자치도,제주시,해안동,"",해안동 722,5011013900
50,제주특별자치도,서귀포시,안덕면,사계리,안덕면 사계리 2682-1,5013031025
50,제주특별자치도,제주시,삼양일동,"",삼양일동 1646-12,5011011300
50,제주특별자치도,서귀포시,서홍동,"",서홍동 445-13,5013010600
50,제주특별자치도,서귀포시,서귀동,"",서귀동 408-8,5013010100
50,제주특별자치도,서귀포시,신효동,"",신효동 506-10,5013010900
50,제주특별자치도,서귀포시,강정동,"",강정동 5413-2,5013011600
50,제주특별자치도,서귀포시,성산읍,고성리,성산읍 고성리 1652-5,5013025924
50,제주특별자치도,제주시,구좌읍,평대리,구좌읍 평대리 648,5011025633
50,제주특별자치도,제주시,봉개동,"",봉개동 2731,5011011600
50,제주특별자치도,제주시,조천읍,신촌리,조천읍 신촌리 3121,5011025921
50,제주특별자치도,제주시,삼도이동,"",삼도이동 1112-22,5011010600
50,제주특별자치도,제주시,애월읍,장전리,애월읍 장전리 392-2,5011025327
50,제주특별자치도,제주시,애월읍,하귀1리,애월읍 하귀1리 1620-4,5011025340
50,제주특별자치도,제주시,애월읍,하귀1리,애월읍 하귀1리 180,5011025340
50,제주특별자치도,제주시,한림읍,협재리,한림읍 협재리 278,5011025031
50,제주특별자치도,제주시,일도이동,"",일도이동 132-3,5011010200
50,제주특별자치도,서귀포시,대포동,"",대포동 2070-1,5013011400
50,제주특별자치도,서귀포시,성산읍,신천리,성산읍 신천리 387,5013025930
51,강원특별자치도,홍천군,영귀미면,속초리,영귀미면 속초리 566,5172035221
51,강원특별자치도,강릉시,옥계면,주수리,옥계면 주수리 49,5115035023
51,강원특별자치도,정선군,여량면,유천리,여량면 봉정리 29-6,5177037022
51,강원특별자치도,강릉시,연곡면,퇴곡리,연곡면 퇴곡리 714,5115037029
51,강원특별자치도,홍천군,내면,율전리,내면 율전리 1205-5,5172039024
51,강원특별자치도,원주시,개운동,"",개운동 437,5113010500
51,강원특별자치도,원주시,소초면,흥양리,소초면 흥양리 1686-12,5113031024
51,강원특별자치도,정선군,북평면,남평리,북평면 남평리 119-1,5177034023
51,강원특별자치도,고성군,현내면,대진리,현내면 대진리 33-60,5182031021
51,강원특별자치도,속초시,대포동,"",대포동 470-9,5121011000
51,강원특별자치도,원주시,태장동,"",태장동 1396-2,5113011200
51,강원특별자치도,동해시,구호동,"",구호동 242,5117011500
51,강원특별자치도,화천군,화천읍,풍산리,화천읍 풍산리 1187,5179025026
51,강원특별자치도,평창군,봉평면,면온리,봉평면 면온리 689-7,5176034025
51,강원특별자치도,동해시,지흥동,"",지흥동 92-3,5117010500
51,강원특별자치도,정선군,사북읍,직전리,사북읍 직전리 509-6,5177025621
51,강원특별자치도,삼척시,미로면,삼거리,미로면 삼거리 159-1,5123034032
51,강원특별자치도,양양군,현남면,인구리,현남면 인구리 354-2,5183034021
51,강원특별자치도,횡성군,갑천면,율동리,갑천면 율동리 252-1,5173034029
51,강원특별자치도,강릉시,유산동,"",유산동 673-1,5115012200
52,전북특별자치도,무주군,무주읍,당산리,무주읍 당산리 926-5,5273025022
52,전북특별자치도,임실군,덕치면,일중리,덕치면 일중리 465-1,5275040026
52,전북특별자치도,전주시 덕진구,진북동,"",진북동 1153-11,5211310200
52,전북특별자치도,순창군,순창읍,순화리,순창읍 순화리 459-2,5277025021
52,전북특별자치도,고창군,흥덕면,동사리,흥덕면 동사리 256-9,5279040022
52,전북특별자치도,전주시 덕진구,우아동2가,"",우아동2가 927-9,5211311400
52,전북특별자치도,정읍시,칠보면,무성리,칠보면 무성리 335-1,5218042024
52,전북특별자치도,완주군,동상면,수만리,동상면 수만리 723-5,5271040023
52,전북특별자치도,완주군,소양면,화심리,소양면 화심리 489-1,5271034027
52,전북특별자치도,순창군,복흥면,하리,복흥면 하리 619,5277037035
52,전북특별자치도,전주시 덕진구,호성동2가,"",호성동2가 133-2,5211311700
52,전북특별자치도,전주시 완산구,동서학동,"",동서학동 849-154,5211112500
52,전북특별자치도,진안군,진안읍,정곡리,진안읍 정곡리 479-11,5272025031
52,전북특별자치도,장수군,장수읍,대성리,장수읍 대성리 산 206-4,5274025032
52,전북특별자치도,군산시,산북동,"",산북동 505-91,5213015100
52,전북특별자치도,정읍시,시기동,"",시기동 515-16,5218010400
52,전북특별자치도,김제시,공덕면,황산리,공덕면 황산리 718-1,5221038022
52,전북특별자치도,순창군,팔덕면,용산리,팔덕면 용산리 166-1,5277035022
52,전북특별자치도,고창군,아산면,계산리,아산면 계산리 493,5279032033
52,전북특별자치도,순창군,풍산면,대가리,풍산면 대가리 751,5277033028
